id;title;description;due_date;done;project_id
1;mobile Fish;Home Loan Account Table Computer;2019-11-15T04:05:21;false;1
2;seamless Metal deposit;Producer;2019-11-14T09:30:17;true;2
3;Electronics;Soap methodology Albania;2019-11-14T19:06:59;false;3
4;Namibia;Steel zero administration;2019-11-14T20:41:26;false;4
5;Licensed Savings Account;Cambridgeshire Mississippi;2019-11-15T04:22:06;true;5
6;Yuan Renminbi Centers;Factors;2019-11-14T06:18:29;true;6
7;envisioneer Music Public-key;infomediaries;2019-11-15T02:33:15;true;7
8;backing up Salad;Digitized invoice;2019-11-14T22:00:07;false;8
9;sky blue Georgia;Facilitator;2019-11-14T10:52:48;false;9
10;e-enable Communications capacitor;Awesome;2019-11-15T00:46:46;true;10
